Laser-IST,Laser-SOLL,X-L,Y-L,Z-L,Fadenkreuz-IST,Fadenkreuz-SOLL,X-F,Y-F,Z-F,Nichts-IST,Nichts-SOLL,X-N,Y-N,Z-N,Beides-IST,Beides-SOLL,X-B,Y-B,Z-B
Wall,null,"-4,7","4,2","-4,2",TargetOne,null,"-4,7","4,2","-3,8",TargetOne,null,"-4,7","4,1",-4,Wall,null,"-4,7","5,3","-2,9"
TargetOne,TargetOne,"-4,7","4,1","-4,2",TargetOne,TargetOne,"-4,7","4,1","-3,7",TargetOne,TargetOne,"-4,7","4,1","-3,9",Wall,TargetOne,"-4,7","5,6","-3,8"
Wall,Target2,"-4,7","1,3","-4,2",Target2,Target2,"-4,7","0,9","-4,2",Wall,Target2,"-4,7","1,1","-4,2",Wall,Target2,"-4,7","2,2","-3,9"
Wall,Target3,"-4,7","2,7","-0,2",Target3,Target3,"-4,7","2,4",0,Target3,Target3,"-4,7","2,5","-0,2",Wall,Target3,"-4,7","3,8","0,2"
Wall,Target4,"-4,7","1,3","3,8",Target4,Target4,"-4,7","0,9","3,8",Target4,Target4,"-4,7","1,1","3,9",Wall,Target4,"-4,7","1,8","4,2"
Target5,Target5,"-4,7",4,"3,8",Target5,Target5,"-4,7","4,1","4,1",Target5,Target5,"-4,7",4,"3,8",Wall,Target5,"-4,7","5,3","4,9"
Target6,Target6,"12,2","4,2","-4,1",Wallll,Target6,"12,3","4,2","-4,4",Wallll,Target6,"12,3","4,6",-4,Wallll,Target6,"12,3","9,2","-1,9"
Target7,Target7,"12,2","1,2","-4,3",Target7,Target7,"12,1",1,"-4,1",Target7,Target7,"12,2","0,9","-4,3",Wallll,Target7,"12,3","4,5","-2,7"
Wallll,Target8,"12,3","2,9","-0,5",Target8,Target8,"12,2","2,5","-0,1",Wallll,Target8,"12,3","2,9","-0,3",Wallll,Target8,"12,3","7,4","2,4"
Wallll,Target9,"12,3","1,1","3,4",Target9,Target9,"12,2",1,"3,9",Wallll,Target9,"12,3","1,2","3,6",Wallll,Target9,"12,3",4,"7,1"
Target10,Target10,"12,2","4,1","3,8",Wallll,Target10,"12,3","4,4","3,9",Wallll,Target10,"12,3","4,8","3,8",Wallll,Target10,"12,3","9,1","7,9"
Walll,Target11,"28,2","4,4","-4,4",Walll,Target11,"28,2","4,6","-4,2",Target11,Target11,"28,1",4,"-3,9",Walll,Target11,"28,2","12,3","-1,9"
Walll,Target12,"28,2","1,3","-4,2",Walll,Target12,"28,2","1,1","-4,4",Walll,Target12,"28,2","1,3","-4,4",Walll,Target12,"28,2","5,6",-1
Walll,Target13,"28,2","2,8","-0,4",Walll,Target13,"28,2",3,"-0,5",Walll,Target13,"28,2","2,8","0,2",Walll,Target13,"28,2",9,"3,8"
Walll,Target14,"28,2","1,5","3,5",Walll,Target14,"28,2","1,3","3,8",Walll,Target14,"28,2","1,4","3,8",Walll,Target14,"28,2","4,9","9,3"
Walll,Target15,"28,2","4,5","3,9",Walll,Target15,"28,2","4,4","3,5",Walll,Target15,"28,2","4,4","3,4",Walll,Target15,"28,2","11,6","11,3"
TargetOne,TargetOne,"-4,7","4,1","-3,9",TargetOne,TargetOne,"-4,7",4,"-3,9",Wall,TargetOne,"-4,7","3,9","-3,6",Wall,TargetOne,"-4,7","6,2","-3,2"
Target2,Target2,"-4,7","1,1",-4,Wall,Target2,"-4,7","1,3","-3,9",Wall,Target2,"-4,7","1,3","-3,8",Wall,Target2,"-4,7","2,4","-3,4"
Wall,Target3,"-4,7","2,6","-0,3",Wall,Target3,"-4,7","2,7","-0,2",Target3,Target3,"-4,7","2,5",0,Wall,Target3,"-4,7",4,"0,4"
Target4,Target4,"-4,7","1,1","3,8",Wall,Target4,"-4,7","1,1","4,3",Wall,Target4,"-4,7","1,2","4,2",Wall,Target4,"-4,7","2,3",4
Target5,Target5,"-4,7",4,"3,8",Target5,Target5,"-4,7","4,3",4,Wall,Target5,"-4,7","3,9","3,7",Wall,Target5,"-4,7",6,"4,6"
Wallll,Target6,"12,3","4,2","-4,4",Target6,Target6,"12,2","4,1",-4,Target6,Target6,"12,2","4,1",-4,Wallll,Target6,"12,3","10,6","-3,3"
Target7,Target7,"12,1","1,2","-4,2",Target7,Target7,"12,1","1,1","-3,9",Target7,Target7,"12,1","0,9","-4,2",Wallll,Target7,"12,3","3,8","-3,2"
Wallll,Target8,"12,3","2,8","-0,3",Wallll,Target8,"12,3","2,7","-0,3",Wallll,Target8,"12,3","2,9","0,3",Wallll,Target8,"12,3","6,7","1,9"
Wallll,Target9,"12,3","1,3","3,6",Wallll,Target9,"12,3","0,6","4,1",Wallll,Target9,"12,3","0,9","3,7",Wallll,Target9,"12,3","4,3","5,6"
Wallll,Target10,"12,3","4,4","3,7",Target10,Target10,"12,2","4,3",4,Wallll,Target10,"12,3","4,3","3,7",Wallll,Target10,"12,3","9,1","7,2"
Walll,Target11,"28,2","4,6","-4,5",Walll,Target11,"28,2","4,6","-4,9",Walll,Target11,"28,2","4,5","-3,8",Walll,Target11,"28,2",12,"-2,7"
Walll,Target12,"28,2","1,5","-4,5",Walll,Target12,"28,2","1,3","-4,2",Target12,Target12,"28,2","1,2",-4,Walll,Target12,"28,2","7,2","-2,9"
Walll,Target13,"28,2","3,1","-0,3",Walll,Target13,"28,2",3,"-0,3",Walll,Target13,"28,2","2,9","0,1",Walll,Target13,"28,2",10,"2,1"
Target14,Target14,"28,2","1,1","3,9",Target14,Target14,"28,2","1,1","3,8",Target14,Target14,"28,2","0,9","4,1",Walll,Target14,"28,2","7,1","6,8"
Walll,Target15,"28,2",5,"3,4",Walll,Target15,"28,2","4,4","3,4",Walll,Target15,"28,2","4,7","3,5",Walll,Target15,"28,2","12,7","7,5"
TargetOne,null,"-4,7","3,9","-3,9",Wall,null,"-4,7","4,6","-3,5",Wall,null,"-4,7","4,1","-4,6",TargetOne,null,"-4,7",4,"-3,9"
TargetOne,TargetOne,"-4,7","3,9","-4,1",TargetOne,TargetOne,"-4,7",4,-4,Wall,TargetOne,"-4,7","4,7","-3,4",TargetOne,TargetOne,"-4,7",4,"-3,8"
Target2,Target2,"-4,7",1,"-3,9",Target2,Target2,"-4,7","1,1",-4,Wall,Target2,"-4,7",2,"-3,8",Target2,Target2,"-4,7","1,1",-4
Target3,Target3,"-4,7","2,4",0,Target3,Target3,"-4,7","2,5","-0,1",Wall,Target3,"-4,7","3,4",0,Target3,Target3,"-4,7","2,5","-0,1"
Target4,Target4,"-4,7","1,2","4,1",Wall,Target4,"-4,7","1,1","3,7",Wall,Target4,"-4,7","2,6","3,4",Target4,Target4,"-4,7","1,2",4
Target5,Target5,"-4,7","4,1","4,2",Target5,Target5,"-4,7",4,"3,8",Wall,Target5,"-4,7","5,7","3,6",Target5,Target5,"-4,7","3,9","3,9"
Target6,Target6,"12,2","4,1","-3,9",Target6,Target6,"12,3","3,7","-3,8",Wallll,Target6,"12,3",9,"-7,1",Target6,Target6,"12,2","4,1","-3,8"
Target7,Target7,"12,1","1,1","-3,9",Target7,Target7,"12,1","1,2","-3,9",Wallll,Target7,"12,3",5,"-6,8",Target7,Target7,"12,1","1,1","-3,8"
Target8,Target8,"12,3","2,7","-0,1",Target8,Target8,"12,3","2,6","-0,2",Wallll,Target8,"12,3","7,2","-1,7",Wallll,Target8,"12,3","2,6","0,4"
Target9,Target9,"12,2","0,9","3,8",Target9,Target9,"12,2","1,1","4,1",Wallll,Target9,"12,3","4,6","3,7",Wallll,Target9,"12,3","1,1","4,3"
Target10,Target10,"12,2","3,9",4,Target10,Target10,"12,2","3,9",4,Wallll,Target10,"12,3","9,9","4,2",Target10,Target10,"12,2",4,"3,9"
Target11,Target11,"28,1",4,"-3,9",Walll,Target11,"28,2","4,4","-3,8",Walll,Target11,"28,2","11,3","-8,5",Target11,Target11,"28,2","3,9","-4,1"
Walll,Target12,"28,2","1,3","-3,9",Walll,Target12,"28,2","1,3",-4,Walll,Target12,"28,2","6,3","-9,1",Target12,Target12,"28,1","1,1","-3,9"
Target13,Target13,"28,1","2,5","0,1",Walll,Target13,"28,2","2,8","0,2",Walll,Target13,"28,2","9,3","-2,6",Walll,Target13,"28,2","2,4","0,3"
Walll,Target14,"28,2","1,5","4,2",Walll,Target14,"28,2","1,3","3,9",Walll,Target14,"28,2","6,6","2,4",Target14,Target14,"28,2","0,8",4
Target15,Target15,"28,2","4,2",,Walll,Target15,"28,2","4,2","4,2",Walll,Target15,"28,2","12,6",3,Walll,Target15,"28,2",4,"3,8"
TargetOne,TargetOne,"-4,7","3,9",,TargetOne,TargetOne,"-4,7","4,1","-3,9",Wall,TargetOne,"-4,7","6,1","-5,3",TargetOne,TargetOne,"-4,7","3,9","-3,9"
Target2,Target2,"-4,7","1,1","-3,9",Target2,Target2,"-4,7",1,"-4,2",Wall,Target2,"-4,7","3,2",-5,Target2,Target2,"-4,7","1,1","-3,8"
Target3,Target3,"-4,7","2,3","-0,1",Wall,Target3,"-4,7","2,2","-0,1",Wall,Target3,"-4,7","3,7",-1,Target3,Target3,"-4,7","2,5","-0,1"
Target4,Target4,"-4,7","1,2",4,Target4,Target4,"-4,7",1,"3,9",Wall,Target4,"-4,7","2,9",2,Wall,Target4,"-4,7","1,4",4
Target5,Target5,"-4,7","3,9",4,Target5,Target5,"-4,7","3,9","3,9",Wall,Target5,"-4,7",6,2,Target5,Target5,"-4,7",4,"3,9"
Target6,Target6,"12,2",4,"-3,8",Target6,Target6,"12,2","4,1","-3,8",Wallll,Target6,"12,3","10,5","-7,9",Target6,Target6,"12,2","3,9","-3,9"
Target7,Target7,"12,2","1,2","-4,1",Target7,Target7,"12,1","1,2",-4,Wallll,Target7,"12,3","5,7","-7,5",Target7,Target7,"12,1","1,1",-4
Wallll,Target8,"12,3","2,9","0,1",Target8,Target8,"12,3","2,6","-0,2",Wallll,Target8,"12,3","7,4","-2,6",Target8,Target8,"12,3","2,5","0,2"
Target9,Target9,"12,2",1,"4,1",Wallll,Target9,"12,3","1,2","4,7",Wallll,Target9,"12,3","6,6","0,5",Target9,Target9,"12,2","1,1","4,1"
Target10,Target10,"12,2",4,4,Target10,Target10,"12,2","4,1",4,Wallll,Target10,"12,3","10,5","3,2",Target10,Target10,"12,2",4,"3,8"
Walll,Target11,"28,2",4,"-3,4",Walll,Target11,"28,2","4,4","-3,8",Walll,Target11,"28,2","16,1","-11,6",Target11,Target11,"28,2","3,9","-4,2"
Walll,Target12,"28,2","1,4","-4,1",Target12,Target12,"28,2","1,2","-4,1",Walll,Target12,"28,2","8,1","-10,5",Walll,Target12,"28,2","1,3",-4
Walll,Target13,"28,2","2,6","0,3",Walll,Target13,"28,2","2,8","0,1",Walll,Target13,"28,2","11,8","-4,8",Target13,Target13,"28,2","2,4","-0,2"
Target14,Target14,"28,1","0,9","4,1",Target14,Target14,"28,2","1,1","3,9",Walll,Target14,"28,2","8,5","1,2",Walll,Target14,"28,2",1,"4,3"
Walll,Target15,"28,2","4,7","3,7",Target15,Target15,"28,2","3,9","3,8",Walll,Target15,"28,2","15,5","-0,7",Target15,Target15,"28,2","3,8","3,8"
Wall,null,"-4,7","3,4","-3,8",TargetOne,null,"-4,7","3,9",-4,Wall,null,"-4,7","5,5","-3,5",TargetOne,null,"-4,7",4,-4
Wall,TargetOne,"-4,7","3,5","-3,9",TargetOne,TargetOne,"-4,8",4,-4,Wall,TargetOne,"-4,7","4,5","-3,3",TargetOne,TargetOne,"-4,7","3,9","-4,1"
Target2,Target2,"-4,7","0,9",-4,Target2,Target2,"-4,7",1,-4,Wall,Target2,"-4,7","2,3","-3,3",Target2,Target2,"-4,7",1,-4
Target3,Target3,"-4,7","2,5","-0,1",Target3,Target3,"-4,7","2,5",0,Wall,Target3,"-4,7","2,8","-0,1",Target3,Target3,"-4,7","2,5","-0,1"
Target4,Target4,"-4,7",1,"3,9",Target4,Target4,"-4,8",1,4,Wall,Target4,"-4,7","2,3","3,9",Target4,Target4,"-4,7",1,"3,9"
Wall,Target5,"-4,7","3,4","3,9",Target5,Target5,"-4,7","3,9","3,9",Wall,Target5,"-4,7","4,6","3,8",Target5,Target5,"-4,7","3,9","3,9"
Target6,Target6,"12,2","3,9","-4,1",Target6,Target6,"12,2",4,-4,Wallll,Target6,"12,3","8,8","-3,7",Target6,Target6,"12,2","3,9","-3,8"
Target7,Target7,"12,1",1,"-3,9",Target7,Target7,"12,2","1,3","-4,1",Wallll,Target7,"12,3","5,9","-3,9",Target7,Target7,"12,1","1,1","-3,9"
Wallll,Target8,"12,3","2,1",0,Target8,Target8,"12,2","2,4",0,Wallll,Target8,"12,3","8,3","0,2",Target8,Target8,"12,2","2,6","-0,1"
Target9,Target9,"12,2","0,9","3,9",Target9,Target9,"12,3","1,2","3,8",Wallll,Target9,"12,3","7,6","4,5",Target9,Target9,"12,2",1,"3,9"
Wallll,Target10,"12,3","3,3","3,8",Target10,Target10,"12,3","3,7","3,9",Wallll,Target10,"12,3","9,8","4,7",Target10,Target10,"12,2","3,9",4
Walll,Target11,"28,2","3,5","-4,3",Walll,Target11,"28,2",4,"-3,4",Walll,Target11,"28,2","14,6","-2,6",Target11,Target11,"28,2","4,2","-4,1"
Walll,Target12,"28,2","0,2",-4,Walll,Target12,"28,2","1,7","-3,9",Walll,Target12,"28,2","12,7","-2,8",Walll,Target12,"28,2","0,5","-3,9"
Walll,Target13,"28,2","1,5","-0,3",Walll,Target13,"28,2","2,5","-0,3",Walll,Target13,"28,2","14,3","0,9",Target13,Target13,"28,2","2,3","0,1"
Walll,Target14,"28,2","0,7","3,6",Walll,Target14,"28,2","1,2","3,7",Walll,Target14,"28,2","13,3","4,5",Target14,Target14,"28,1","1,1","3,9"
Walll,Target15,"28,2","3,2","3,9",Walll,Target15,"28,2","3,7","4,1",Walll,Target15,"28,2","16,6","4,8",Walll,Target15,"28,2","3,7","4,1"
Wall,TargetOne,"-4,7","3,6","-3,9",TargetOne,TargetOne,"-4,7","3,9","-3,9",Wall,TargetOne,"-4,7","5,9","-3,6",TargetOne,TargetOne,"-4,7","3,9","-3,9"
Target2,Target2,"-4,7",1,"-3,9",Target2,Target2,"-4,7",1,"-3,9",Wall,Target2,"-4,7","3,6","-3,6",Target2,Target2,"-4,7","1,1","-3,9"
Target3,Target3,"-4,7","2,6","-0,1",Target3,Target3,"-4,7","2,4",0,Wall,Target3,"-4,7","4,8","0,1",Target3,Target3,"-4,7","2,5","-0,1"
Target4,Target4,"-4,7",1,"3,9",Target4,Target4,"-4,7","1,1",4,Wall,Target4,"-4,7","3,8","4,2",Target4,Target4,"-4,7","1,1","3,8"
Wall,Target5,"-4,7","3,4",4,Target5,Target5,"-4,7","3,9","3,9",Wall,Target5,"-4,7","5,9",4,Target5,Target5,"-4,7","3,9","3,9"
Target6,Target6,"12,2","3,9","-3,9",Target6,Target6,"12,2",4,-4,Wallll,Target6,"12,3","10,9","-4,3",Target6,Target6,"12,2","3,9",-4
Target7,Target7,"12,1","0,9",-4,Target7,Target7,"12,1","1,1","-3,9",Wallll,Target7,"12,3","8,4","-3,9",Target7,Target7,"12,1","1,2","-4,1"
Target8,Target8,"12,2","2,4","-0,1",Target8,Target8,"12,2","2,5","0,1",Wallll,Target8,"12,3","10,2",0,Target8,Target8,"12,2","2,5","-0,1"
Target9,Target9,"12,3","0,8",4,Target9,Target9,"12,2",1,"3,9",Wallll,Target9,"12,3","9,5","4,8",Target9,Target9,"12,3","1,2","3,9"
Wallll,Target10,"12,3","3,2","3,9",Target10,Target10,"12,2","3,9",4,Wallll,Target10,"12,3","11,2","4,2",Target10,Target10,"12,2",4,4
Walll,Target11,"28,2","3,7","-3,9",Target11,Target11,"28,1",4,"-3,9",Walll,Target12,"28,2","12,2","-2,5",Target11,Target11,"28,2","3,9","-3,8"
Walll,Target12,"28,2","0,7","-4,3",Walll,Target12,"28,2","1,7","-3,7",Walll,Target13,"28,2",16,"0,8",Walll,Target12,"28,2",1,"-4,4"
Walll,Target13,"28,2","1,7","-0,1",Target13,Target13,"28,2","2,6","-0,2",Walll,Target14,"28,2","15,2","4,8",Target13,Target13,"28,1","2,5",0
Walll,Target14,"28,2","0,6","4,2",Target14,Target14,"28,2","1,2","3,9",Wall,null,"-4,7","5,4","-1,7",Target14,Target14,"28,2","1,2","3,9"
Walll,Target15,"28,2","2,7","4,2",Walll,Target15,"28,2","3,8","3,8",Wall,TargetOne,"-4,7","6,9","-4,2",Target15,Target15,"28,2","3,9","3,8"
TargetOne,null,"-4,8",4,-4,Wall,null,"-4,7","3,6","-3,9",Wall,Target2,"-4,7","2,6","-3,6",Wall,null,"-4,7",3,"-3,3"
TargetOne,TargetOne,"-4,7","4,2","-4,1",TargetOne,TargetOne,"-4,7","3,8","-4,1",Wall,Target3,"-4,7","4,8","0,1",TargetOne,TargetOne,"-4,7","3,8",-4
Target2,Target2,"-4,7","1,1",-4,Target2,Target2,"-4,7",1,-4,Wall,Target4,"-4,7","2,6","5,6",Target2,Target2,"-4,7","1,1","-3,9"
Target3,Target3,"-4,7","2,7","-0,1",Wall,Target3,"-4,7","2,3","-0,2",Wall,Target5,"-4,7","6,4","4,7",Target3,Target3,"-4,7","2,5","-0,1"
Wall,Target4,"-4,7","1,2","3,8",Wall,Target4,"-4,7","1,1","3,7",Wallll,Target6,"12,3","10,8","-3,3",Wall,Target4,"-4,7",1,"3,7"
Target5,Target5,"-4,7","3,8","3,9",Wall,Target5,"-4,7","3,7","3,9",Wallll,Target7,"12,3",2,"-3,4",Target5,Target5,"-4,7","3,8","3,9"
Target6,Target6,"12,2","3,9","-4,2",Target6,Target6,"12,2",4,-4,Wallll,Target8,"12,3","7,3",1,Target6,Target6,"12,2","3,9","-4,1"
Target7,Target7,"12,2","1,3","-3,9",Target7,Target7,"12,2","1,2","-3,8",Wallll,Target9,"12,3","4,1",7,Target7,Target7,"12,1",1,-4
Wallll,Target8,"12,3","2,8",0,Target8,Target8,"12,2","2,4",0,Wallll,Target10,"12,3",11,"5,5",Target8,Target8,"12,2","2,4","-0,1"
Wallll,Target9,"12,3","1,3","3,6",Target9,Target9,"12,2","1,1","3,8",Walll,Target11,"28,2","12,6",-3,Target9,Target9,"12,2",1,"3,9"
Wallll,Target10,"12,3","3,9","3,7",Target10,Target10,"12,3","3,9","3,7",Walll,Target12,"28,2",3,"-3,8",Target10,Target10,"12,3","3,8","3,8"
Target11,Target11,"28,2","4,1","-4,2",Walll,Target11,"28,2","3,7","-4,2",Walll,Target13,"28,2","11,6","0,6",Walll,Target11,"28,2","3,8","-4,2"
Target12,Target12,"28,2","1,1","-3,9",Target12,Target12,"28,2",1,"-4,2",Walll,Target14,"28,2","6,9","5,1",Walll,Target12,"28,2","0,8","-3,8"
Walll,Target13,"28,2","2,4","-0,2",Target13,Target13,"28,2","2,5","-0,1",Walll,Target15,"28,2","12,3","4,7",Target13,Target13,"28,1","2,4",0
Walll,Target14,"28,2","0,8","3,8",Walll,Target14,"28,2",1,"3,7",Wall,TargetOne,"-4,7","6,4","-3,9",Walll,Target14,"28,2",1,"3,4"
Target15,Target15,"28,2",4,"3,8",Walll,Target15,"28,2","3,8","3,5",Wall,Target2,"-4,7","1,8","-3,7",Target15,Target15,"28,1","3,9",4
TargetOne,TargetOne,"-4,7","3,9","-3,9",TargetOne,TargetOne,"-4,7","3,9","-4,1",Wall,Target3,"-4,7","4,8","0,4",TargetOne,TargetOne,"-4,7","3,8",-4
Target2,Target2,"-4,7","1,1",-4,Target2,Target2,"-4,7","1,1","-3,9",Wall,Target4,"-4,7","2,7","4,5",Target2,Target2,"-4,7","1,1","-3,9"
Target3,Target3,"-4,7","2,4","-0,2",Target3,Target3,"-4,7","2,5","0,1",Wall,Target5,"-4,7","6,1","4,3",Target3,Target3,"-4,7","2,5","-0,1"
Target4,Target4,"-4,7","1,1","3,8",Target4,Target4,"-4,7","1,2","3,9",Wallll,Target6,"12,3","8,7","-2,8",Target4,Target4,"-4,7",1,"3,9"
Target5,Target5,"-4,7","3,9","3,8",Target5,Target5,"-4,7","3,8","3,8",Wallll,Target7,"12,3","1,4",-4,Wall,Target5,"-4,7","3,7","3,9"
Target6,Target6,"12,3","3,7","-3,8",Target6,Target6,"12,2",4,"-4,2",Wallll,Target8,"12,3","7,2","0,9",Target6,Target6,"12,2",4,"-3,9"
Target7,Target7,"12,1","1,1","-4,1",Target7,Target7,"12,1","1,1",-4,Wallll,Target9,"12,3","3,8","4,8",Target7,Target7,"12,2","1,2","-3,8"
Wallll,Target8,"12,3","2,8","-0,1",Wallll,Target8,"12,3","2,4","-0,3",Wallll,Target10,"12,3","9,1","5,1",Target8,Target8,"12,3","2,6","0,2"
Target9,Target9,"12,2,","1,2",4,Target9,Target9,"12,2","1,2",4,Walll,Target11,"28,2","9,2","-4,7",Target9,Target9,"12,2","1,1",4
Target10,Target10,"12,2","4,2","4,1",Target10,Target10,"12,2",4,4,Walll,Target12,"28,2","0,6",-4,Target10,Target10,"12,2","3,8",4
Walll,Target11,"28,2","3,8","-4,2",Walll,Target11,"28,2","4,1","-3,7",Walll,Target13,"28,2","6,1","1,4",Target11,Target11,"28,2","3,8","-4,1"
Walll,Target12,"28,2","1,3","-3,9",Walll,Target12,"28,2","1,2","-4,4",Walll,Target14,"28,2","1,5","7,6",Walll,Target12,"28,2","0,6","-3,9"
Walll,Target13,"28,2","2,5","-0,5",Target13,Target13,"28,2","2,7",0,Walll,Target15,"28,2","10,5","6,6",Target13,Target13,"28,2","2,3","-0,2"
Walll,Target14,"28,2","1,4","3,6",Walll,Target14,"28,2","1,2","3,6",Wall,null,"-4,7","4,7","-3,5",Walll,Target14,"28,2","1,2","3,5"
Walll,Target15,"28,2","3,8","3,4",Target15,Target15,"28,1",4,"4,1",Wall,TargetOne,"-4,7",3,"-3,6",Target15,Target15,"28,1",4,4
TargetOne,null,"-4,7","4,1","-3,9",TargetOne,null,"-4,7","3,9",-4,Wall,Target2,"-4,7","0,9","-3,7",TargetOne,null,"-4,8",4,-4
TargetOne,TargetOne,"-4,7","4,1","-4,1",TargetOne,TargetOne,"-4,7","4,1",-4,Target3,Target3,"-4,7","2,4","0,1",TargetOne,TargetOne,"-4,8",4,-4
Target2,Target2,"-4,7","1,1",-4,Target2,Target2,"-4,7","1,1","-3,9",Wall,Target4,"-4,7","1,3",4,Target2,Target2,"-4,7","1,1","-3,9"
Target3,Target3,"-4,7","2,6","-0,1",Target3,Target3,"-4,7","2,5","-0,2",Wall,Target5,"-4,7","4,1","4,6",Target3,Target3,"-4,7","2,5","-0,1"
Target4,Target4,"-4,7","1,2","3,9",Target4,Target4,"-4,7","1,1","3,9",Wallll,Target6,"12,3","5,2","-3,9",Target4,Target4,"-4,7",1,"3,9"
Target5,Target5,"-4,7",4,"3,9",Target5,Target5,"-4,7","3,9","3,9",Plane,Target7,"8,2",0,"-3,2",Target5,Target5,"-4,7",4,"3,9"
Target6,Target6,"12,2","4,1",-4,Target6,Target6,"12,2",4,-4,Wallll,Target8,"12,3","3,3","2,6",Target6,Target6,"12,2",4,"-4,1"
Target7,Target7,"12,1",1,-4,Target7,Target7,"12,1","1,1","-4,1",Wallll,Target9,"12,3","0,7","8,9",Target7,Target7,"12,1",1,-4
Target8,Target8,"12,3","2,7","0,1",Target8,Target8,"12,2","2,4","-0,1",Wallll,Target10,"12,3","6,5","8,8",Target8,Target8,"12,3","2,5","-0,3"
Target9,Target9,"12,2",1,"3,9",Target9,Target9,"12,2","1,2",4,Walll,Target11,"28,2","10,4","-1,1",Target9,Target9,"12,2","1,1","3,9"
Target10,Target10,"12,2","4,1","4,2",Target10,Target10,"12,2","4,1","4,1",Walll,Target12,"28,2",2,"-1,4",Target10,Target10,"12,2",4,"4,1"
Walll,Target11,"28,2","4,5",-4,Target11,Target11,"28,1",4,"-3,9",Walll,Target13,"28,2","8,7","4,3",Walll,Target11,"28,2","4,4","-4,1"
Target12,Target12,"28,2","1,2","-4,1",Target12,Target12,"28,2","1,1","-4,2",Walll,Target14,"28,2","5,5","10,6",Target12,Target12,"28,2","1,1","-4,2"
Walll,Target13,"28,2","2,8","-0,1",Target13,Target13,"28,1","2,5",0,Walll,Target15,"28,2","12,2","10,8",Target13,Target13,"28,1","2,6",0
Walll,Target14,"28,2","1,3","3,8",Walll,Target14,"28,2","1,3","3,8",Wall,TargetOne,"-4,7","6,1","-2,3",Walll,Target14,"28,2","1,2","4,2"
Target15,Target15,"28,2","4,1",4,Walll,Target15,"28,2","4,1","3,7",Wall,Target2,"-4,7","2,7","-3,1",Walll,Target15,"28,2","4,2","3,8"
TargetOne,TargetOne,"-4,7","4,1","-3,8",TargetOne,TargetOne,"-4,7",4,"-3,9",Wall,Target3,"-4,7","5,3","0,9",TargetOne,TargetOne,"-4,7","3,9","-3,8"
Target2,Target2,"-4,7","1,2","-3,9",Target2,Target2,"-4,7","1,1",-4,Wall,Target4,"-4,7","3,8,","4,8",Target2,Target2,"-4,7","0,8",-4
Target3,Target3,"-4,7","2,5","-0,1",Target3,Target3,"-4,7","2,5","-0,1",Wall,Target5,"-4,7","7,2","5,5",Target3,Target3,"-4,7","2,5","-0,1"
Wall,Target4,"-4,7","1,3","3,9",Target4,Target4,"-4,7",1,"3,8",Wallll,Target6,"12,3","14,7","-0,5",Target4,Target4,"-4,7",1,"3,8"
Target5,Target5,"-4,7",4,"3,8",Target5,Target5,"-4,7",4,"3,9",Wallll,Target7,"12,3","8,5","-1,3",Target5,Target5,"-4,7",4,"3,9"
Target6,Target6,"12,2","4,3",-4,Target6,Target6,"12,2",4,"-3,9",Wallll,Target8,"12,3","12,7","4,2",Target6,Target6,"12,2","3,9",-4
Target7,Target7,"12,1",1,"-4,1",Target7,Target7,"12,1","1,2","-4,1",Wallll,Target9,"12,3","7,8",11,Target7,Target7,"12,1","1,2",-4
Target8,Target8,"12,2","2,5","-0,1",Target8,Target8,"12,2","2,4",0,Wallll,Target10,"12,3","15,2",10,Target8,Target8,"12,3","2,6","-0,2"
Wallll,Target9,"12,3","1,3","3,9",Target9,Target9,"12,2","1,1","3,8",Wall,null,"-4,7","4,6","-4,4",Target9,Target9,"12,2","1,2",4
Target10,Target10,"12,3","4,2","3,8",Target10,Target10,"12,2","3,9","3,8",Wall,TargetOne,"-4,7","4,4","-4,2",Target10,Target10,"12,2","3,9","3,9"
Walll,Target11,"28,2","4,3","-3,8",Target11,Target11,"28,2","4,1","-4,1",Wall,Target2,"-4,7","1,5","-4,2",Walll,Target11,"28,2","4,2","-3,7"
Walll,Target12,"28,2","1,5","-4,4",Walll,Target12,"28,2","1,3","-4,1",Wall,Target3,"-4,7","3,2","0,1",Target12,Target12,"28,1",1,"-4,1"
Target13,Target13,"28,2","2,7","-0,1",Target13,Target13,"28,2","2,4","-0,1",Target4,Target4,"-4,7","1,2","3,9",Target13,Target13,"28,2","2,6","-0,1"
Walll,Target14,"28,2","1,3",4,Target14,Target14,"28,1",1,"3,9",Wall,Target5,"-4,7","3,4","3,6",Target14,Target14,"28,2","1,1","4,1"
Target15,Target15,"28,2",4,"3,8",Walll,Target15,"28,2","3,7","3,8",Wallll,Target6,"12,3",5,"-1,3",Target15,Target15,"28,2","4,2",4
TargetOne,null,"-4,7","3,8","-4,1",TargetOne,null,"-4,7","3,8",-4,Plane,Target7,"9,3",0,"-1,9",Wall,null,"-4,7","3,7","-4,1"
TargetOne,TargetOne,"-4,7","3,9","-4,1",TargetOne,TargetOne,"-4,7","3,8","-3,9",Wallll,Target8,"12,3","4,9","1,9",TargetOne,TargetOne,"-4,7","3,8","-4,1"
Target2,Target2,"-4,7","1,1",-4,Target2,Target2,"-4,7","0,8","-4,1",Wallll,Target9,"12,3","0,7","5,4",Target2,Target2,"-4,7","0,9",-4
Target3,Target3,"-4,7","2,4","-0,1",Target3,Target3,"-4,7","2,3","-0,1",Wallll,Target10,"12,3","7,4","5,4",Target3,Target3,"-4,7","2,4",0
Target4,Target4,"-4,8",1,4,Target4,Target4,"-4,7","0,8",4,Walll,Target11,"28,2","5,6","-2,2",Target4,Target4,"-4,7",1,"3,9"
Target5,Target5,"-4,7","3,9","3,9",Wall,Target5,"-4,7","3,7","3,9",Walll,Target12,"28,2","2,9","-2,1",Wall,Target5,"-4,7","3,7","3,8"
Target6,Target6,"12,2","4,1","-4,1",Target6,Target6,"12,2","3,9",-4,Walll,Target13,"28,2","6,2","2,4",Target6,Target6,"12,2","3,9",-4
Target7,Target7,"12,1","1,2",-4,Target7,Target7,"12,1","0,9","-3,7",Walll,Target14,"28,2","2,1","7,7",Target7,Target7,"12,1","0,9",-4
Target8,Target8,"12,2","2,6","0,1",Target8,Target8,"12,3","2,3","-0,1",Walll,Target15,"28,2","9,3","6,3",Target8,Target8,"12,2","2,4","-0,1"
Wallll,Target9,"12,3",1,"3,7",Target9,Target9,"12,2",1,4,Wall,TargetOne,"-4,7","5,3","-3,5",Target9,Target9,"12,2",1,"3,9"
Target10,Target10,"12,3","3,7","3,9",Target10,Target10,"12,2","3,8",4,Wall,Target2,"-4,7","1,6","-3,8",Target10,Target10,"12,2",4,"3,7"
Walll,Target11,"28,2","3,6","-4,2",Walll,Target11,"28,2","3,7","-3,8",Wall,Target3,"-4,7",3,"0,2",Target11,Target11,"28,2","3,8","-4,1"
Target12,Target12,"28,2","0,9","-4,2",Target12,Target12,"28,2","1,1","-3,8",Wall,Target4,"-4,7","1,9","4,6",Target12,Target12,"28,2",1,"-3,9"
Walll,Target13,"28,2","3,2","-0,2",Target13,Target13,"28,2","2,5","0,1",Wall,Target5,"-4,7","4,5","4,5",Target13,Target13,"28,2","2,4","0,2"
Walll,Target14,"28,2","1,4","3,9",Target14,Target14,"28,1","0,9",4,Wallll,Target6,"12,3","4,2","-3,4",Walll,Target14,"28,2","0,8","3,8"
Target15,Target15,"28,2","4,1","3,9",Target15,Target15,"28,2","3,8",4,Wallll,Target7,"12,3","1,1","-2,9",Target15,Target15,"28,2",4,"3,9"
Wall,TargetOne,"-4,7","3,7","-3,8",TargetOne,TargetOne,"-4,7","3,9",-4,Wallll,Target8,"12,3","4,5",1,TargetOne,TargetOne,"-4,7","3,8","-4,1"
Target2,Target2,"-4,7",1,-4,Target2,Target2,"-4,7","0,9","-4,1",Wallll,Target9,"12,3","0,5","5,9",Target2,Target2,"-4,7","1,1","-3,8"
Wall,Target3,"-4,7","2,4","-0,3",Target3,Target3,"-4,7","2,4",0,Wallll,Target10,"12,3",6,"5,2",Target3,Target3,"-4,7","2,4","-0,1"
Target4,Target4,"-4,7",1,"3,9",Target4,Target4,"-4,7",1,"3,8",Walll,Target11,"28,2","5,9","-1,8",Target4,Target4,"-4,7","1,1","3,9"
Target5,Target5,"-4,7","3,9","3,8",Target5,Target5,"-4,7","3,9","3,9",Plane,Target12,"18,3",0,"-2,3",Wall,Target5,"-4,7","3,8","3,7"
Target6,Target6,"12,2","4,1","-4,1",Target6,Target6,"12,2","3,9","-3,9",Walll,Target13,"28,2","5,7","2,5",Target6,Target6,"12,2","3,7","-3,9"
Target7,Target7,"12,1","1,2",-4,Target7,Target7,"12,1","1,1","-3,9",Walll,Target14,"28,2","1,5","5,7",Target7,Target7,"12,1","0,9","-4,1"
Wallll,Target8,"12,3","2,8","-0,1",Target8,Target8,"12,2","2,5","-0,1",Walll,Target15,"28,2","10,3","5,4",Target8,Target8,"12,2","2,5",0
Target9,Target9,"12,2","0,9","3,9",Target9,Target9,"12,2","1,1",4,Wall,null,"-4,7","6,6","-3,5",Target9,Target9,"12,2",1,"3,9"
Target10,Target10,"12,2","4,1",4,Target10,Target10,"12,3","3,8","3,8",Wall,TargetOne,"-4,7","6,6","-3,7",Target10,Target10,"12,2","3,9","3,9"
Walll,Target11,"28,2",4,"-4,3",Target11,Target11,"28,2","3,9","-4,1",Wall,Target2,"-4,7","2,8","-3,9",Walll,Target11,"28,2","3,6","-4,3"
Target12,Target12,"28,1",1,-4,Target12,Target12,"28,2","1,1","-3,9",Wall,Target3,"-4,7","4,8","0,6",Target12,Target12,"28,1",1,-4
Target13,Target13,"28,2","2,5","-0,2",Target13,Target13,"28,2","2,3","-0,1",Wall,Target4,"-4,7","3,6","4,4",Target13,Target13,"28,2","2,3","-0,1"
Walll,Target14,"28,2","1,2","3,8",Walll,Target14,"28,2","0,9","3,8",Wall,Target5,"-4,7","7,5","4,5",Target14,Target14,"28,2",1,"3,9"
Walll,Target15,"28,2","4,3",4,Walll,Target15,"28,2","3,7","3,7",Wallll,Target6,"12,3","10,3","-3,2",Target15,Target15,"28,2","3,8","3,9"
TargetOne,null,"-4,7",4,"-3,9",TargetOne,null,"-4,7",4,"-3,9",Wallll,Target7,"12,3","7,3","-3,6",TargetOne,null,"-4,7","3,9",-4
TargetOne,TargetOne,"-4,7","3,9","-4,1",Wall,TargetOne,"-4,7","3,8","-3,8",Wallll,Target8,"12,3","10,5","0,9",TargetOne,TargetOne,"-4,7","3,9","-3,9"
Target2,Target2,"-4,7","1,1",-4,Wall,Target2,"-4,7","0,6",-4,Wallll,Target9,"12,3","7,8","6,2",Target2,Target2,"-4,7","1,1","-3,9"
Wall,Target3,"-4,7","2,1","-0,4",Wall,Target3,"-4,7","2,2","-0,3",Wallll,Target10,"12,3","12,9",6,Target3,Target3,"-4,7","2,4","-0,1"
Wall,Target4,"-4,7","1,2","3,7",Target4,Target4,"-4,7","0,9","4,1",Walll,Target11,"28,2","14,7","-3,4",Target4,Target4,"-4,7","0,9","3,8"
Target5,Target5,"-4,7","4,1",4,Target5,Target5,"-4,7","3,9","4,1",Walll,Target12,"28,2","9,8","-3,7",Target5,Target5,"-4,7",4,"3,9"
Target6,Target6,"12,2","3,7",-4,Target6,Target6,"12,2","3,8","-4,1",Walll,Target13,"28,2","13,5","1,8",Target6,Target6,"12,3","3,8","-3,8"
Target6,Target7,"12,2","3,9","-4,1",Target7,Target7,"12,1","0,8",-4,Walll,Target14,"28,2","10,7","7,6",Wallll,Target7,"12,3","0,7","-4,6"
Target6,Target8,"12,2",4,-4,Wallll,Target8,"12,3","2,3","0,2",Walll,Target15,"28,2","15,4","6,5",Target8,Target8,"12,2","2,6","0,1"
Target6,Target9,"12,2","3,9","-4,2",Wallll,Target9,"12,3","0,9","4,4",Wall,TargetOne,"-4,7","5,1","1,7",Wallll,Target9,"12,3","0,5","3,9"
Target6,Target10,"12,2","3,9","-3,9",Wallll,Target10,"12,3","4,4","3,6",Wall,Target2,"-4,7","4,9","1,9",Wallll,Target10,"12,3","3,5","3,6"
Walll,Target11,"28,2","4,2","-3,6",Walll,Target11,"28,2","3,5","-3,4",Wall,Target3,"-4,7","4,6","1,5",Target11,Target11,"28,2",4,"-4,2"
Walll,Target12,"28,2","1,4","-3,6",Walll,Target12,"28,2","3,8","4,4",Wall,Target4,"-4,7","4,6","0,5",Target12,Target12,"28,2","0,9",-4
Walll,Target13,"28,2","2,9","0,7",Target15,Target13,"28,2","3,8",4,Wall,Target5,"-4,7","4,4","0,3",Target13,Target13,"28,2","2,4","-0,1"
Walll,Target14,"28,2","1,4","3,8",Target15,Target14,"28,1",4,"3,9",Wallll,Target6,"12,3","11,7","-2,8",Walll,Target14,"28,2","1,2","3,4"
Walll,Target15,"28,2","4,3","3,8",Walll,Target15,"28,2","4,2","3,8",Wallll,Target7,"12,3",7,"-3,1",Walll,Target15,"28,2","3,6","3,8"
Wall,TargetOne,"-4,7","4,1","-3,7",TargetOne,TargetOne,"-4,7",4,"-4,2",Wallll,Target8,"12,3","11,2",2,TargetOne,TargetOne,"-4,7","3,9","-3,9"
Target2,Target2,"-4,7","1,2","-3,9",Target2,Target2,"-4,7","1,2","-3,9",Wallll,Target9,"12,3","8,3","6,8",Wall,Target2,"-4,7","0,8","-3,8"
Wall,Target3,"-4,7","2,7","-0,1",Wall,Target3,"-4,7","2,3","-0,3",Wallll,Target10,"12,3","13,6","5,9",Target3,Target3,"-4,7","2,7","-0,1"
Wall,Target4,"-4,7","1,3","3,9",Target4,Target4,"-4,7","1,1","3,9",Walll,Target11,"28,2","15,8","-2,4",Target4,Target4,"-4,7",1,"3,8"
Wall,Target5,"-4,7","4,1","3,7",Target5,Target5,"-4,7","3,8",4,Walll,Target12,"28,2","11,7","-2,3",Target5,Target5,"-4,7","3,9","3,9"
Wallll,Target6,"12,3","3,9","-4,4",Wallll,Target6,"12,3","3,8","-4,5",Walll,Target13,"28,2","15,7",3,Target6,Target6,"12,2",4,"-4,1"
Target7,Target7,"12,1","0,8","-4,1",Target7,Target7,"12,3","0,6","-3,9",Walll,Target14,"28,2","12,5","8,6",Target7,Target7,"12,2","0,8","-4,2"
Wallll,Target8,"12,3","2,8","0,1",Target8,Target8,"12,2","2,5","-0,1",Plane,null,"-7,5",0,"-1,3",Target8,Target8,"12,3","2,6","-0,1"
Wallll,Target9,"12,3","1,4",4,Target9,Target9,"12,2","0,9","3,9",Wall,TargetOne,"-4,7",5,"-3,9",Target9,Target9,"12,2",1,"4,2"
Target10,Target10,"12,2","3,8","3,9",Wallll,Target10,"12,3","4,1","3,7",Wall,Target2,"-4,7","1,2","-3,5",Wallll,Target10,"12,3","3,9","3,6"
Walll,Target11,"28,2","4,2","-4,2",Target11,Target11,"28,2",4,"-3,8",Wall,Target3,"-4,7","3,6","0,4",Walll,Target11,"28,2","3,7",-4
Target12,Target12,"28,1",1,"-3,9",Walll,Target12,"28,2","0,8","-4,3",Wall,Target4,"-4,7","2,2","4,5",Walll,Target12,"28,2","0,9","-4,2"
Walll,Target13,"28,2",3,"0,3",Walll,Target13,"28,2","2,7","0,8",Wall,Target5,"-4,7","5,3","4,2",Walll,Target13,"28,2","2,4","-0,5"
Walll,Target14,"28,2","1,9","3,9",Walll,Target14,"28,2","1,1","4,4",Wallll,Target6,"12,3","7,9","-3,5",Walll,Target14,"28,2","0,6","4,2"
Walll,Target15,"28,2","3,7","3,8",Walll,Target15,"28,2","3,8","3,5",Wallll,Target7,"12,3","4,5","-3,2",Target15,Target15,"28,2","3,9","3,8"
TargetOne,null,"-4,8",4,-4,TargetOne,null,"-4,8",4,-4,Wallll,Target8,"12,3","7,8","0,9",TargetOne,null,"-4,7","3,9","-4,1"
TargetOne,TargetOne,"-4,7",4,"-4,1",TargetOne,TargetOne,"-4,7",4,"-4,1",Wallll,Target9,"12,3","3,7","5,3",Plane,TargetOne,"-8,8",0,"-1,8"
Target2,Target2,"-4,7","0,9",-4,Target2,Target2,"-4,7","0,8",-4,Wallll,Target10,"12,3","8,5",5,Target2,Target2,"-4,7","0,9","-3,9"
Target3,Target3,"-4,7","2,3","0,2",Target3,Target3,"-4,7","2,4",0,Walll,Target11,"28,2","11,4","-2,2",Target3,Target3,"-4,7","2,3","-0,1"
Target4,Target4,"-4,7","0,9","4,2",Target4,Target4,"-4,7","0,8",4,Walll,Target12,"28,2","8,1","-1,8",Wall,Target4,"-4,7","0,7",4
Target5,Target5,"-4,7","3,8","3,9",Target5,Target5,"-4,7",4,"3,8",Walll,Target13,"28,2","11,7","0,6",Target5,Target5,"-4,7","3,8","3,8"
Target6,Target6,"12,2","3,9","-4,1",Target6,Target6,"12,2","4,2","-3,9",Walll,Target14,"28,2","8,9","5,8",Wallll,Target6,"12,3","3,4","-4,3"
Target7,Target7,"12,2",1,"-4,4",Target7,Target7,"12,2","0,8","-3,8",Walll,Target15,"28,2","14,9","4,7",Target7,Target7,"12,1","1,1",-4
Target8,Target8,"12,2","2,6","0,1",Target8,Target8,"12,3","2,4","0,2",Wall,TargetOne,"-4,7","6,1","-3,6",Target8,Target8,"12,2","2,4","-0,1"
Wallll,Target9,"12,3","1,5","3,8",Target9,Target9,"12,3","0,9","4,3",Wall,Target2,"-4,7","3,1","-3,4",Wallll,Target9,"12,3","1,3","4,1"
Wallll,Target10,"12,3","0,7","4,2",Target10,Target10,"12,2","4,1",4,Wall,Target3,"-4,7","4,7","0,3",Target10,Target10,"12,2","3,7","3,9"
Walll,Target11,"28,2",4,"-4,4",Target11,Target11,"28,1",4,"-3,9",Wall,Target4,"-4,7","3,3","4,4",Target11,Target11,"28,1",4,-4
Walll,Target12,"28,2","1,4","-4,3",Walll,Target12,"28,2","0,7","-3,9",Wall,Target5,"-4,7","6,9","4,2",Target12,Target12,"28,2","0,9",-4
Target13,Target13,"28,2","2,5","0,2",Target13,Target13,"28,2","2,5","0,2",Wallll,Target6,"12,3","9,8","-3,4",Target13,Target13,"28,2","2,6","0,2"
Walll,Target14,"28,2","1,6","3,6",Walll,Target14,"28,2","1,4","4,2",Wallll,Target7,"12,3","5,6","-3,1",Walll,Target14,"28,2","0,6","4,6"
Walll,Target15,"28,2","3,8","4,2",Walll,Target15,"28,2","3,6","4,1",Wallll,Target8,"12,3","8,4","0,9",Target15,Target15,"28,2","4,1","3,9"
Wall,TargetOne,"-4,7","3,7",-4,TargetOne,TargetOne,"-4,7","3,8","-4,1",Wallll,Target9,"12,3","5,2","5,8",TargetOne,TargetOne,"-4,8",4,-4
Wall,Target2,"-4,7","0,7","-4,1",Target2,Target2,"-4,7","0,9",-4,Wallll,Target10,"12,3","9,8","4,8",Target2,Target2,"-4,7",1,"-3,9"
Target3,Target3,"-4,7","2,5","-0,1",Target3,Target3,"-4,7","2,5","0,1",Walll,Target11,"28,2","12,4",-3,Wall,Target3,"-4,7","2,4","-0,4"
Target4,Target4,"-4,7","1,2","3,8",Wall,Target4,"-4,7",1,"4,3",Walll,Target12,"28,2","8,4","-2,7",Wall,Target4,"-4,7","0,7",4
Target5,Target5,"-4,7",4,"3,8",Target5,Target5,"-4,7","3,8",4,Walll,Target13,"28,2","11,2","1,5",Wall,Target5,"-4,7","3,8","3,7"
Wallll,Target6,"12,3","3,5","-4,3",Target6,Target6,"12,2","3,9","-4,1",Walll,Target14,"28,2","8,6","6,5",Target6,Target6,"12,2","4,1","-3,9"
Wallll,Target7,"12,3","0,5","-4,7",Target7,Target7,"12,1","0,9","-4,2",Walll,Target15,"28,2","12,5","5,3",Target7,Target7,"12,3","0,6","-4,1"
Wallll,Target8,"12,3","2,6","-0,3",Target8,Target8,"12,3","2,3",0,,,,,,Target8,Target8,"12,3","2,4","0,2"
Wallll,Target9,"12,3","1,1","3,5",Target9,Target9,"12,2","1,1","4,1",,,,,,Target9,Target9,"12,3","0,9","4,2"
Target10,Target10,"12,2",4,"3,8",Target10,Target10,"12,2","3,9","4,2",,,,,,Target10,Target10,"12,2",4,"4,1"
Walll,Target11,"28,2","4,1","-4,4",Target11,Target11,"28,2","3,8","-4,1",,,,,,Target11,Target11,"28,2","4,2",-4
Walll,Target12,"28,2","1,3","-3,8",Target12,Target12,"28,2","0,9","-3,9",,,,,,Target12,Target12,"28,2","0,9","-4,1"
Walll,Target13,"28,2","2,4","-0,3",Target13,Target13,"28,2","2,5","0,2",,,,,,Walll,Target13,"28,2","2,8","0,1"
Target14,Target14,"28,1",1,"3,9",Walll,Target14,"28,2","1,2","3,9",,,,,,Walll,Target14,"28,2",1,"3,7"
Walll,Target15,"28,2","3,8","3,5",Walll,Target15,"28,2","3,6",4,,,,,,Walll,Target15,"28,2","4,4","3,8"
